{"cameraMode":{"drawMode":0,"name":"Shaded","section":"Shading Mode"},"sceneLighting":false,"audioPlay":false,"sceneViewState":{"m_AlwaysRefresh":false,"showFog":true,"showSkybox":false,"showFlares":true,"showImageEffects":true,"showParticleSystems":true,"showVisualEffectGraphs":true,"m_FxEnabled":true},"in2DMode":false,"pivot":{"x":0.4169999659061432,"y":0.9210000038146973,"z":-11.659000396728516},"rotation":{"x":-0.24562764167785645,"y":0.2249171882867813,"z":-0.058704715222120288,"w":-0.9410825967788696},"size":1.4722434282302857,"orthographic":false}